-- phpMyAdmin SQL Dump
-- version 4.0.10
-- http://www.phpmyadmin.net
--
-- Host: localhost
-- Generation Time: Mar 20, 2014 at 10:02 AM
-- Server version: 5.1.73-1
-- PHP Version: 5.3.3-7+squeeze19

SET SQL_MODE = "NO_AUTO_VALUE_ON_ZERO";
SET time_zone = "+00:00";


/*!40101 SET @OLD_CHARACTER_SET_CLIENT=@@CHARACTER_SET_CLIENT */;
/*!40101 SET @OLD_CHARACTER_SET_RESULTS=@@CHARACTER_SET_RESULTS */;
/*!40101 SET @OLD_COLLATION_CONNECTION=@@COLLATION_CONNECTION */;
/*!40101 SET NAMES utf8 */;

--
-- Database: `vagrant`
--

-- --------------------------------------------------------

--
-- Table structure for table `ErrorPage`
--

CREATE TABLE IF NOT EXISTS `ErrorPage` (
  `ID` int(11) NOT NULL AUTO_INCREMENT,
  `ErrorCode` int(11) NOT NULL DEFAULT '0',
  PRIMARY KEY (`ID`)
) ENGINE=InnoDB  DEFAULT CHARSET=latin1 AUTO_INCREMENT=6 ;

--
-- Dumping data for table `ErrorPage`
--

INSERT INTO `ErrorPage` (`ID`, `ErrorCode`) VALUES
(4, 404),
(5, 500);

-- --------------------------------------------------------

--
-- Table structure for table `ErrorPage_Live`
--

CREATE TABLE IF NOT EXISTS `ErrorPage_Live` (
  `ID` int(11) NOT NULL AUTO_INCREMENT,
  `ErrorCode` int(11) NOT NULL DEFAULT '0',
  PRIMARY KEY (`ID`)
) ENGINE=InnoDB  DEFAULT CHARSET=latin1 AUTO_INCREMENT=6 ;

--
-- Dumping data for table `ErrorPage_Live`
--

INSERT INTO `ErrorPage_Live` (`ID`, `ErrorCode`) VALUES
(4, 404),
(5, 500);

-- --------------------------------------------------------

--
-- Table structure for table `ErrorPage_versions`
--

CREATE TABLE IF NOT EXISTS `ErrorPage_versions` (
  `ID` int(11) NOT NULL AUTO_INCREMENT,
  `RecordID` int(11) NOT NULL DEFAULT '0',
  `Version` int(11) NOT NULL DEFAULT '0',
  `ErrorCode` int(11) NOT NULL DEFAULT '0',
  PRIMARY KEY (`ID`),
  UNIQUE KEY `RecordID_Version` (`RecordID`,`Version`),
  KEY `RecordID` (`RecordID`),
  KEY `Version` (`Version`)
) ENGINE=InnoDB  DEFAULT CHARSET=latin1 AUTO_INCREMENT=3 ;

--
-- Dumping data for table `ErrorPage_versions`
--

INSERT INTO `ErrorPage_versions` (`ID`, `RecordID`, `Version`, `ErrorCode`) VALUES
(1, 4, 1, 404),
(2, 5, 1, 500);

-- --------------------------------------------------------

--
-- Table structure for table `File`
--

CREATE TABLE IF NOT EXISTS `File` (
  `ID` int(11) NOT NULL AUTO_INCREMENT,
  `ClassName` enum('File','Folder','Image','Image_Cached') CHARACTER SET utf8 DEFAULT 'File',
  `Created` datetime DEFAULT NULL,
  `LastEdited` datetime DEFAULT NULL,
  `Name` varchar(255) CHARACTER SET utf8 DEFAULT NULL,
  `Title` varchar(255) CHARACTER SET utf8 DEFAULT NULL,
  `Filename` mediumtext CHARACTER SET utf8,
  `Content` mediumtext CHARACTER SET utf8,
  `ShowInSearch` tinyint(1) unsigned NOT NULL DEFAULT '1',
  `ParentID` int(11) NOT NULL DEFAULT '0',
  `OwnerID` int(11) NOT NULL DEFAULT '0',
  PRIMARY KEY (`ID`),
  KEY `ParentID` (`ParentID`),
  KEY `OwnerID` (`OwnerID`),
  KEY `ClassName` (`ClassName`)
) ENGINE=InnoDB  DEFAULT CHARSET=latin1 AUTO_INCREMENT=5 ;

--
-- Dumping data for table `File`
--

INSERT INTO `File` (`ID`, `ClassName`, `Created`, `LastEdited`, `Name`, `Title`, `Filename`, `Content`, `ShowInSearch`, `ParentID`, `OwnerID`) VALUES
(1, 'Folder', '2014-03-19 21:01:03', '2014-03-19 21:01:03', 'Uploads', 'Uploads', 'assets/Uploads/', NULL, 1, 0, 0),
(2, 'Image', '2014-03-19 21:01:03', '2014-03-19 21:01:03', 'SilverStripeLogo.png', 'SilverStripeLogo.png', 'assets/Uploads/SilverStripeLogo.png', NULL, 1, 1, 0),
(3, 'File', '2014-03-19 21:01:03', '2014-03-19 21:01:03', 'error-404.html', 'error-404.html', 'assets/error-404.html', NULL, 1, 0, 0),
(4, 'File', '2014-03-19 21:01:03', '2014-03-19 21:01:03', 'error-500.html', 'error-500.html', 'assets/error-500.html', NULL, 1, 0, 0);

-- --------------------------------------------------------

--
-- Table structure for table `Group`
--

CREATE TABLE IF NOT EXISTS `Group` (
  `ID` int(11) NOT NULL AUTO_INCREMENT,
  `ClassName` enum('Group') CHARACTER SET utf8 DEFAULT 'Group',
  `Created` datetime DEFAULT NULL,
  `LastEdited` datetime DEFAULT NULL,
  `Title` varchar(255) CHARACTER SET utf8 DEFAULT NULL,
  `Description` mediumtext CHARACTER SET utf8,
  `Code` varchar(255) CHARACTER SET utf8 DEFAULT NULL,
  `Locked` tinyint(1) unsigned NOT NULL DEFAULT '0',
  `Sort` int(11) NOT NULL DEFAULT '0',
  `HtmlEditorConfig` mediumtext CHARACTER SET utf8,
  `ParentID` int(11) NOT NULL DEFAULT '0',
  PRIMARY KEY (`ID`),
  KEY `ParentID` (`ParentID`),
  KEY `ClassName` (`ClassName`)
) ENGINE=InnoDB  DEFAULT CHARSET=latin1 AUTO_INCREMENT=3 ;

--
-- Dumping data for table `Group`
--

INSERT INTO `Group` (`ID`, `ClassName`, `Created`, `LastEdited`, `Title`, `Description`, `Code`, `Locked`, `Sort`, `HtmlEditorConfig`, `ParentID`) VALUES
(1, 'Group', '2014-03-20 10:01:01', '2014-03-20 10:01:01', 'Content Authors', NULL, 'content-authors', 0, 1, NULL, 0),
(2, 'Group', '2014-03-20 10:01:01', '2014-03-20 10:01:01', 'Administrators', NULL, 'administrators', 0, 0, NULL, 0);

-- --------------------------------------------------------

--
-- Table structure for table `Group_Members`
--

CREATE TABLE IF NOT EXISTS `Group_Members` (
  `ID` int(11) NOT NULL AUTO_INCREMENT,
  `GroupID` int(11) NOT NULL DEFAULT '0',
  `MemberID` int(11) NOT NULL DEFAULT '0',
  PRIMARY KEY (`ID`),
  KEY `GroupID` (`GroupID`),
  KEY `MemberID` (`MemberID`)
) ENGINE=InnoDB  DEFAULT CHARSET=latin1 AUTO_INCREMENT=2 ;

--
-- Dumping data for table `Group_Members`
--

INSERT INTO `Group_Members` (`ID`, `GroupID`, `MemberID`) VALUES
(1, 2, 1);

-- --------------------------------------------------------

--
-- Table structure for table `Group_Roles`
--

CREATE TABLE IF NOT EXISTS `Group_Roles` (
  `ID` int(11) NOT NULL AUTO_INCREMENT,
  `GroupID` int(11) NOT NULL DEFAULT '0',
  `PermissionRoleID` int(11) NOT NULL DEFAULT '0',
  PRIMARY KEY (`ID`),
  KEY `GroupID` (`GroupID`),
  KEY `PermissionRoleID` (`PermissionRoleID`)
) ENGINE=InnoDB DEFAULT CHARSET=latin1 AUTO_INCREMENT=1 ;

-- --------------------------------------------------------

--
-- Table structure for table `LoginAttempt`
--

CREATE TABLE IF NOT EXISTS `LoginAttempt` (
  `ID` int(11) NOT NULL AUTO_INCREMENT,
  `ClassName` enum('LoginAttempt') CHARACTER SET utf8 DEFAULT 'LoginAttempt',
  `Created` datetime DEFAULT NULL,
  `LastEdited` datetime DEFAULT NULL,
  `Email` varchar(255) CHARACTER SET utf8 DEFAULT NULL,
  `Status` enum('Success','Failure') CHARACTER SET utf8 DEFAULT 'Success',
  `IP` varchar(255) CHARACTER SET utf8 DEFAULT NULL,
  `MemberID` int(11) NOT NULL DEFAULT '0',
  PRIMARY KEY (`ID`),
  KEY `MemberID` (`MemberID`),
  KEY `ClassName` (`ClassName`)
) ENGINE=InnoDB DEFAULT CHARSET=latin1 AUTO_INCREMENT=1 ;

-- --------------------------------------------------------

--
-- Table structure for table `Member`
--

CREATE TABLE IF NOT EXISTS `Member` (
  `ID` int(11) NOT NULL AUTO_INCREMENT,
  `ClassName` enum('Member') CHARACTER SET utf8 DEFAULT 'Member',
  `Created` datetime DEFAULT NULL,
  `LastEdited` datetime DEFAULT NULL,
  `FirstName` varchar(50) CHARACTER SET utf8 DEFAULT NULL,
  `Surname` varchar(50) CHARACTER SET utf8 DEFAULT NULL,
  `Email` varchar(256) CHARACTER SET utf8 DEFAULT NULL,
  `Password` varchar(160) CHARACTER SET utf8 DEFAULT NULL,
  `RememberLoginToken` varchar(160) CHARACTER SET utf8 DEFAULT NULL,
  `NumVisit` int(11) NOT NULL DEFAULT '0',
  `LastVisited` datetime DEFAULT NULL,
  `AutoLoginHash` varchar(160) CHARACTER SET utf8 DEFAULT NULL,
  `AutoLoginExpired` datetime DEFAULT NULL,
  `PasswordEncryption` varchar(50) CHARACTER SET utf8 DEFAULT NULL,
  `Salt` varchar(50) CHARACTER SET utf8 DEFAULT NULL,
  `PasswordExpiry` date DEFAULT NULL,
  `LockedOutUntil` datetime DEFAULT NULL,
  `Locale` varchar(6) CHARACTER SET utf8 DEFAULT NULL,
  `FailedLoginCount` int(11) NOT NULL DEFAULT '0',
  `DateFormat` varchar(30) CHARACTER SET utf8 DEFAULT NULL,
  `TimeFormat` varchar(30) CHARACTER SET utf8 DEFAULT NULL,
  PRIMARY KEY (`ID`),
  KEY `Email` (`Email`(255)),
  KEY `ClassName` (`ClassName`)
) ENGINE=InnoDB  DEFAULT CHARSET=latin1 AUTO_INCREMENT=2 ;

--
-- Dumping data for table `Member`
--

INSERT INTO `Member` (`ID`, `ClassName`, `Created`, `LastEdited`, `FirstName`, `Surname`, `Email`, `Password`, `RememberLoginToken`, `NumVisit`, `LastVisited`, `AutoLoginHash`, `AutoLoginExpired`, `PasswordEncryption`, `Salt`, `PasswordExpiry`, `LockedOutUntil`, `Locale`, `FailedLoginCount`, `DateFormat`, `TimeFormat`) VALUES
(1, 'Member', '2014-03-20 10:01:01', '2014-03-20 10:01:46', 'Default Admin', NULL, 'vagrant', '$2y$10$955a845a0e79263908feeubofH30BdJuCPFN5kPpQjDTZXbDCOeDO', NULL, 1, '2014-03-19 21:02:05', NULL, NULL, 'blowfish', '10$955a845a0e79263908fee9', NULL, NULL, 'en_US', 0, NULL, NULL);

-- --------------------------------------------------------

--
-- Table structure for table `MemberPassword`
--

CREATE TABLE IF NOT EXISTS `MemberPassword` (
  `ID` int(11) NOT NULL AUTO_INCREMENT,
  `ClassName` enum('MemberPassword') CHARACTER SET utf8 DEFAULT 'MemberPassword',
  `Created` datetime DEFAULT NULL,
  `LastEdited` datetime DEFAULT NULL,
  `Password` varchar(160) CHARACTER SET utf8 DEFAULT NULL,
  `Salt` varchar(50) CHARACTER SET utf8 DEFAULT NULL,
  `PasswordEncryption` varchar(50) CHARACTER SET utf8 DEFAULT NULL,
  `MemberID` int(11) NOT NULL DEFAULT '0',
  PRIMARY KEY (`ID`),
  KEY `MemberID` (`MemberID`),
  KEY `ClassName` (`ClassName`)
) ENGINE=InnoDB  DEFAULT CHARSET=latin1 AUTO_INCREMENT=2 ;

--
-- Dumping data for table `MemberPassword`
--

INSERT INTO `MemberPassword` (`ID`, `ClassName`, `Created`, `LastEdited`, `Password`, `Salt`, `PasswordEncryption`, `MemberID`) VALUES
(1, 'MemberPassword', '2014-03-20 10:01:03', '2014-03-20 10:01:03', '$2y$10$955a845a0e79263908feeubofH30BdJuCPFN5kPpQjDTZXbDCOeDO', '10$955a845a0e79263908fee9', 'blowfish', 1);

-- --------------------------------------------------------

--
-- Table structure for table `Permission`
--

CREATE TABLE IF NOT EXISTS `Permission` (
  `ID` int(11) NOT NULL AUTO_INCREMENT,
  `ClassName` enum('Permission') CHARACTER SET utf8 DEFAULT 'Permission',
  `Created` datetime DEFAULT NULL,
  `LastEdited` datetime DEFAULT NULL,
  `Code` varchar(50) CHARACTER SET utf8 DEFAULT NULL,
  `Arg` int(11) NOT NULL DEFAULT '0',
  `Type` int(11) NOT NULL DEFAULT '1',
  `GroupID` int(11) NOT NULL DEFAULT '0',
  PRIMARY KEY (`ID`),
  KEY `GroupID` (`GroupID`),
  KEY `Code` (`Code`),
  KEY `ClassName` (`ClassName`)
) ENGINE=InnoDB  DEFAULT CHARSET=latin1 AUTO_INCREMENT=6 ;

--
-- Dumping data for table `Permission`
--

INSERT INTO `Permission` (`ID`, `ClassName`, `Created`, `LastEdited`, `Code`, `Arg`, `Type`, `GroupID`) VALUES
(1, 'Permission', '2014-03-20 10:01:01', '2014-03-20 10:01:01', 'CMS_ACCESS_CMSMain', 0, 1, 1),
(2, 'Permission', '2014-03-20 10:01:01', '2014-03-20 10:01:01', 'CMS_ACCESS_AssetAdmin', 0, 1, 1),
(3, 'Permission', '2014-03-20 10:01:01', '2014-03-20 10:01:01', 'CMS_ACCESS_ReportAdmin', 0, 1, 1),
(4, 'Permission', '2014-03-20 10:01:01', '2014-03-20 10:01:01', 'SITETREE_REORGANISE', 0, 1, 1),
(5, 'Permission', '2014-03-20 10:01:01', '2014-03-20 10:01:01', 'ADMIN', 0, 1, 2);

-- --------------------------------------------------------

--
-- Table structure for table `PermissionRole`
--

CREATE TABLE IF NOT EXISTS `PermissionRole` (
  `ID` int(11) NOT NULL AUTO_INCREMENT,
  `ClassName` enum('PermissionRole') CHARACTER SET utf8 DEFAULT 'PermissionRole',
  `Created` datetime DEFAULT NULL,
  `LastEdited` datetime DEFAULT NULL,
  `Title` varchar(50) CHARACTER SET utf8 DEFAULT NULL,
  `OnlyAdminCanApply` tinyint(1) unsigned NOT NULL DEFAULT '0',
  PRIMARY KEY (`ID`),
  KEY `ClassName` (`ClassName`)
) ENGINE=InnoDB DEFAULT CHARSET=latin1 AUTO_INCREMENT=1 ;

-- --------------------------------------------------------

--
-- Table structure for table `PermissionRoleCode`
--

CREATE TABLE IF NOT EXISTS `PermissionRoleCode` (
  `ID` int(11) NOT NULL AUTO_INCREMENT,
  `ClassName` enum('PermissionRoleCode') CHARACTER SET utf8 DEFAULT 'PermissionRoleCode',
  `Created` datetime DEFAULT NULL,
  `LastEdited` datetime DEFAULT NULL,
  `Code` varchar(50) CHARACTER SET utf8 DEFAULT NULL,
  `RoleID` int(11) NOT NULL DEFAULT '0',
  PRIMARY KEY (`ID`),
  KEY `RoleID` (`RoleID`),
  KEY `ClassName` (`ClassName`)
) ENGINE=InnoDB DEFAULT CHARSET=latin1 AUTO_INCREMENT=1 ;

-- --------------------------------------------------------

--
-- Table structure for table `RedirectorPage`
--

CREATE TABLE IF NOT EXISTS `RedirectorPage` (
  `ID` int(11) NOT NULL AUTO_INCREMENT,
  `RedirectionType` enum('Internal','External') CHARACTER SET utf8 DEFAULT 'Internal',
  `ExternalURL` varchar(2083) CHARACTER SET utf8 DEFAULT NULL,
  `LinkToID` int(11) NOT NULL DEFAULT '0',
  PRIMARY KEY (`ID`),
  KEY `LinkToID` (`LinkToID`)
) ENGINE=InnoDB DEFAULT CHARSET=latin1 AUTO_INCREMENT=1 ;

-- --------------------------------------------------------

--
-- Table structure for table `RedirectorPage_Live`
--

CREATE TABLE IF NOT EXISTS `RedirectorPage_Live` (
  `ID` int(11) NOT NULL AUTO_INCREMENT,
  `RedirectionType` enum('Internal','External') CHARACTER SET utf8 DEFAULT 'Internal',
  `ExternalURL` varchar(2083) CHARACTER SET utf8 DEFAULT NULL,
  `LinkToID` int(11) NOT NULL DEFAULT '0',
  PRIMARY KEY (`ID`),
  KEY `LinkToID` (`LinkToID`)
) ENGINE=InnoDB DEFAULT CHARSET=latin1 AUTO_INCREMENT=1 ;

-- --------------------------------------------------------

--
-- Table structure for table `RedirectorPage_versions`
--

CREATE TABLE IF NOT EXISTS `RedirectorPage_versions` (
  `ID` int(11) NOT NULL AUTO_INCREMENT,
  `RecordID` int(11) NOT NULL DEFAULT '0',
  `Version` int(11) NOT NULL DEFAULT '0',
  `RedirectionType` enum('Internal','External') CHARACTER SET utf8 DEFAULT 'Internal',
  `ExternalURL` varchar(2083) CHARACTER SET utf8 DEFAULT NULL,
  `LinkToID` int(11) NOT NULL DEFAULT '0',
  PRIMARY KEY (`ID`),
  UNIQUE KEY `RecordID_Version` (`RecordID`,`Version`),
  KEY `RecordID` (`RecordID`),
  KEY `Version` (`Version`),
  KEY `LinkToID` (`LinkToID`)
) ENGINE=InnoDB DEFAULT CHARSET=latin1 AUTO_INCREMENT=1 ;

-- --------------------------------------------------------

--
-- Table structure for table `SiteConfig`
--

CREATE TABLE IF NOT EXISTS `SiteConfig` (
  `ID` int(11) NOT NULL AUTO_INCREMENT,
  `ClassName` enum('SiteConfig') CHARACTER SET utf8 DEFAULT 'SiteConfig',
  `Created` datetime DEFAULT NULL,
  `LastEdited` datetime DEFAULT NULL,
  `Title` varchar(255) CHARACTER SET utf8 DEFAULT NULL,
  `Tagline` varchar(255) CHARACTER SET utf8 DEFAULT NULL,
  `Theme` varchar(255) CHARACTER SET utf8 DEFAULT NULL,
  `CanViewType` enum('Anyone','LoggedInUsers','OnlyTheseUsers') CHARACTER SET utf8 DEFAULT 'Anyone',
  `CanEditType` enum('LoggedInUsers','OnlyTheseUsers') CHARACTER SET utf8 DEFAULT 'LoggedInUsers',
  `CanCreateTopLevelType` enum('LoggedInUsers','OnlyTheseUsers') CHARACTER SET utf8 DEFAULT 'LoggedInUsers',
  PRIMARY KEY (`ID`),
  KEY `ClassName` (`ClassName`)
) ENGINE=InnoDB  DEFAULT CHARSET=latin1 AUTO_INCREMENT=2 ;

--
-- Dumping data for table `SiteConfig`
--

INSERT INTO `SiteConfig` (`ID`, `ClassName`, `Created`, `LastEdited`, `Title`, `Tagline`, `Theme`, `CanViewType`, `CanEditType`, `CanCreateTopLevelType`) VALUES
(1, 'SiteConfig', '2014-03-20 10:01:01', '2014-03-20 10:01:01', 'Your Site Name', 'your tagline here', NULL, 'Anyone', 'LoggedInUsers', 'LoggedInUsers');

-- --------------------------------------------------------

--
-- Table structure for table `SiteConfig_CreateTopLevelGroups`
--

CREATE TABLE IF NOT EXISTS `SiteConfig_CreateTopLevelGroups` (
  `ID` int(11) NOT NULL AUTO_INCREMENT,
  `SiteConfigID` int(11) NOT NULL DEFAULT '0',
  `GroupID` int(11) NOT NULL DEFAULT '0',
  PRIMARY KEY (`ID`),
  KEY `SiteConfigID` (`SiteConfigID`),
  KEY `GroupID` (`GroupID`)
) ENGINE=InnoDB DEFAULT CHARSET=latin1 AUTO_INCREMENT=1 ;

-- --------------------------------------------------------

--
-- Table structure for table `SiteConfig_EditorGroups`
--

CREATE TABLE IF NOT EXISTS `SiteConfig_EditorGroups` (
  `ID` int(11) NOT NULL AUTO_INCREMENT,
  `SiteConfigID` int(11) NOT NULL DEFAULT '0',
  `GroupID` int(11) NOT NULL DEFAULT '0',
  PRIMARY KEY (`ID`),
  KEY `SiteConfigID` (`SiteConfigID`),
  KEY `GroupID` (`GroupID`)
) ENGINE=InnoDB DEFAULT CHARSET=latin1 AUTO_INCREMENT=1 ;

-- --------------------------------------------------------

--
-- Table structure for table `SiteConfig_ViewerGroups`
--

CREATE TABLE IF NOT EXISTS `SiteConfig_ViewerGroups` (
  `ID` int(11) NOT NULL AUTO_INCREMENT,
  `SiteConfigID` int(11) NOT NULL DEFAULT '0',
  `GroupID` int(11) NOT NULL DEFAULT '0',
  PRIMARY KEY (`ID`),
  KEY `SiteConfigID` (`SiteConfigID`),
  KEY `GroupID` (`GroupID`)
) ENGINE=InnoDB DEFAULT CHARSET=latin1 AUTO_INCREMENT=1 ;

-- --------------------------------------------------------

--
-- Table structure for table `SiteTree`
--

CREATE TABLE IF NOT EXISTS `SiteTree` (
  `ID` int(11) NOT NULL AUTO_INCREMENT,
  `ClassName` enum('Page','ErrorPage','SiteTree','HomePage','RedirectorPage','VirtualPage') CHARACTER SET utf8 DEFAULT 'Page',
  `Created` datetime DEFAULT NULL,
  `LastEdited` datetime DEFAULT NULL,
  `URLSegment` varchar(255) CHARACTER SET utf8 DEFAULT NULL,
  `Title` varchar(255) CHARACTER SET utf8 DEFAULT NULL,
  `MenuTitle` varchar(100) CHARACTER SET utf8 DEFAULT NULL,
  `Content` mediumtext CHARACTER SET utf8,
  `MetaDescription` mediumtext CHARACTER SET utf8,
  `ExtraMeta` mediumtext CHARACTER SET utf8,
  `ShowInMenus` tinyint(1) unsigned NOT NULL DEFAULT '0',
  `ShowInSearch` tinyint(1) unsigned NOT NULL DEFAULT '0',
  `Sort` int(11) NOT NULL DEFAULT '0',
  `HasBrokenFile` tinyint(1) unsigned NOT NULL DEFAULT '0',
  `HasBrokenLink` tinyint(1) unsigned NOT NULL DEFAULT '0',
  `ReportClass` varchar(50) CHARACTER SET utf8 DEFAULT NULL,
  `CanViewType` enum('Anyone','LoggedInUsers','OnlyTheseUsers','Inherit') CHARACTER SET utf8 DEFAULT 'Inherit',
  `CanEditType` enum('LoggedInUsers','OnlyTheseUsers','Inherit') CHARACTER SET utf8 DEFAULT 'Inherit',
  `Version` int(11) NOT NULL DEFAULT '0',
  `ParentID` int(11) NOT NULL DEFAULT '0',
  PRIMARY KEY (`ID`),
  KEY `ParentID` (`ParentID`),
  KEY `URLSegment` (`URLSegment`),
  KEY `ClassName` (`ClassName`)
) ENGINE=InnoDB  DEFAULT CHARSET=latin1 AUTO_INCREMENT=6 ;

--
-- Dumping data for table `SiteTree`
--

INSERT INTO `SiteTree` (`ID`, `ClassName`, `Created`, `LastEdited`, `URLSegment`, `Title`, `MenuTitle`, `Content`, `MetaDescription`, `ExtraMeta`, `ShowInMenus`, `ShowInSearch`, `Sort`, `HasBrokenFile`, `HasBrokenLink`, `ReportClass`, `CanViewType`, `CanEditType`, `Version`, `ParentID`) VALUES
(1, 'HomePage', '2014-03-20 10:01:02', '2014-03-20 10:02:03', 'home', 'Home', NULL, '<p>Welcome to SilverStripe! This is the default homepage. You can edit this page by opening <a href="admin/">the CMS</a>. You can now access the <a href="http://doc.silverstripe.org">developer documentation</a>, or begin <a href="http://doc.silverstripe.org/doku.php?id=tutorials">the tutorials.</a></p>', NULL, NULL, 1, 1, 1, 0, 0, NULL, 'Inherit', 'Inherit', 2, 0),
(2, 'Page', '2014-03-20 10:01:02', '2014-03-20 10:01:03', 'about-us', 'About Us', NULL, '<p>You can fill this page out with your own content, or delete it and create your own pages.<br /></p>', NULL, NULL, 1, 1, 2, 0, 0, NULL, 'Inherit', 'Inherit', 1, 0),
(3, 'Page', '2014-03-20 10:01:02', '2014-03-20 10:01:03', 'contact-us', 'Contact Us', NULL, '<p>You can fill this page out with your own content, or delete it and create your own pages.<br /></p>', NULL, NULL, 1, 1, 3, 0, 0, NULL, 'Inherit', 'Inherit', 1, 0),
(4, 'ErrorPage', '2014-03-20 10:01:02', '2014-03-20 10:01:03', 'page-not-found', 'Page not found', NULL, '<p>Sorry, it seems you were trying to access a page that doesn''t exist.</p><p>Please check the spelling of the URL you were trying to access and try again.</p>', NULL, NULL, 0, 0, 4, 0, 0, NULL, 'Inherit', 'Inherit', 1, 0),
(5, 'ErrorPage', '2014-03-20 10:01:03', '2014-03-20 10:01:03', 'server-error', 'Server error', NULL, '<p>Sorry, there was a problem with handling your request.</p>', NULL, NULL, 0, 0, 5, 0, 0, NULL, 'Inherit', 'Inherit', 1, 0);

-- --------------------------------------------------------

--
-- Table structure for table `SiteTree_EditorGroups`
--

CREATE TABLE IF NOT EXISTS `SiteTree_EditorGroups` (
  `ID` int(11) NOT NULL AUTO_INCREMENT,
  `SiteTreeID` int(11) NOT NULL DEFAULT '0',
  `GroupID` int(11) NOT NULL DEFAULT '0',
  PRIMARY KEY (`ID`),
  KEY `SiteTreeID` (`SiteTreeID`),
  KEY `GroupID` (`GroupID`)
) ENGINE=InnoDB DEFAULT CHARSET=latin1 AUTO_INCREMENT=1 ;

-- --------------------------------------------------------

--
-- Table structure for table `SiteTree_ImageTracking`
--

CREATE TABLE IF NOT EXISTS `SiteTree_ImageTracking` (
  `ID` int(11) NOT NULL AUTO_INCREMENT,
  `SiteTreeID` int(11) NOT NULL DEFAULT '0',
  `FileID` int(11) NOT NULL DEFAULT '0',
  `FieldName` varchar(50) CHARACTER SET utf8 DEFAULT NULL,
  PRIMARY KEY (`ID`),
  KEY `SiteTreeID` (`SiteTreeID`),
  KEY `FileID` (`FileID`)
) ENGINE=InnoDB DEFAULT CHARSET=latin1 AUTO_INCREMENT=1 ;

-- --------------------------------------------------------

--
-- Table structure for table `SiteTree_LinkTracking`
--

CREATE TABLE IF NOT EXISTS `SiteTree_LinkTracking` (
  `ID` int(11) NOT NULL AUTO_INCREMENT,
  `SiteTreeID` int(11) NOT NULL DEFAULT '0',
  `ChildID` int(11) NOT NULL DEFAULT '0',
  `FieldName` varchar(50) CHARACTER SET utf8 DEFAULT NULL,
  PRIMARY KEY (`ID`),
  KEY `SiteTreeID` (`SiteTreeID`),
  KEY `ChildID` (`ChildID`)
) ENGINE=InnoDB DEFAULT CHARSET=latin1 AUTO_INCREMENT=1 ;

-- --------------------------------------------------------

--
-- Table structure for table `SiteTree_Live`
--

CREATE TABLE IF NOT EXISTS `SiteTree_Live` (
  `ID` int(11) NOT NULL AUTO_INCREMENT,
  `ClassName` enum('Page','ErrorPage','SiteTree','HomePage','RedirectorPage','VirtualPage') CHARACTER SET utf8 DEFAULT 'Page',
  `Created` datetime DEFAULT NULL,
  `LastEdited` datetime DEFAULT NULL,
  `URLSegment` varchar(255) CHARACTER SET utf8 DEFAULT NULL,
  `Title` varchar(255) CHARACTER SET utf8 DEFAULT NULL,
  `MenuTitle` varchar(100) CHARACTER SET utf8 DEFAULT NULL,
  `Content` mediumtext CHARACTER SET utf8,
  `MetaDescription` mediumtext CHARACTER SET utf8,
  `ExtraMeta` mediumtext CHARACTER SET utf8,
  `ShowInMenus` tinyint(1) unsigned NOT NULL DEFAULT '0',
  `ShowInSearch` tinyint(1) unsigned NOT NULL DEFAULT '0',
  `Sort` int(11) NOT NULL DEFAULT '0',
  `HasBrokenFile` tinyint(1) unsigned NOT NULL DEFAULT '0',
  `HasBrokenLink` tinyint(1) unsigned NOT NULL DEFAULT '0',
  `ReportClass` varchar(50) CHARACTER SET utf8 DEFAULT NULL,
  `CanViewType` enum('Anyone','LoggedInUsers','OnlyTheseUsers','Inherit') CHARACTER SET utf8 DEFAULT 'Inherit',
  `CanEditType` enum('LoggedInUsers','OnlyTheseUsers','Inherit') CHARACTER SET utf8 DEFAULT 'Inherit',
  `Version` int(11) NOT NULL DEFAULT '0',
  `ParentID` int(11) NOT NULL DEFAULT '0',
  PRIMARY KEY (`ID`),
  KEY `ParentID` (`ParentID`),
  KEY `URLSegment` (`URLSegment`),
  KEY `ClassName` (`ClassName`)
) ENGINE=InnoDB  DEFAULT CHARSET=latin1 AUTO_INCREMENT=6 ;

--
-- Dumping data for table `SiteTree_Live`
--

INSERT INTO `SiteTree_Live` (`ID`, `ClassName`, `Created`, `LastEdited`, `URLSegment`, `Title`, `MenuTitle`, `Content`, `MetaDescription`, `ExtraMeta`, `ShowInMenus`, `ShowInSearch`, `Sort`, `HasBrokenFile`, `HasBrokenLink`, `ReportClass`, `CanViewType`, `CanEditType`, `Version`, `ParentID`) VALUES
(1, 'HomePage', '2014-03-20 10:01:02', '2014-03-20 10:02:04', 'home', 'Home', NULL, '<p>Welcome to SilverStripe! This is the default homepage. You can edit this page by opening <a href="admin/">the CMS</a>. You can now access the <a href="http://doc.silverstripe.org">developer documentation</a>, or begin <a href="http://doc.silverstripe.org/doku.php?id=tutorials">the tutorials.</a></p>', NULL, NULL, 1, 1, 1, 0, 0, NULL, 'Inherit', 'Inherit', 2, 0),
(2, 'Page', '2014-03-20 10:01:02', '2014-03-20 10:01:02', 'about-us', 'About Us', NULL, '<p>You can fill this page out with your own content, or delete it and create your own pages.<br /></p>', NULL, NULL, 1, 1, 2, 0, 0, NULL, 'Inherit', 'Inherit', 1, 0),
(3, 'Page', '2014-03-20 10:01:02', '2014-03-20 10:01:02', 'contact-us', 'Contact Us', NULL, '<p>You can fill this page out with your own content, or delete it and create your own pages.<br /></p>', NULL, NULL, 1, 1, 3, 0, 0, NULL, 'Inherit', 'Inherit', 1, 0),
(4, 'ErrorPage', '2014-03-20 10:01:02', '2014-03-20 10:01:20', 'page-not-found', 'Page not found', NULL, '<p>Sorry, it seems you were trying to access a page that doesn''t exist.</p><p>Please check the spelling of the URL you were trying to access and try again.</p>', NULL, NULL, 0, 0, 4, 0, 0, NULL, 'Inherit', 'Inherit', 1, 0),
(5, 'ErrorPage', '2014-03-20 10:01:03', '2014-03-20 10:01:03', 'server-error', 'Server error', NULL, '<p>Sorry, there was a problem with handling your request.</p>', NULL, NULL, 0, 0, 5, 0, 0, NULL, 'Inherit', 'Inherit', 1, 0);

-- --------------------------------------------------------

--
-- Table structure for table `SiteTree_versions`
--

CREATE TABLE IF NOT EXISTS `SiteTree_versions` (
  `ID` int(11) NOT NULL AUTO_INCREMENT,
  `RecordID` int(11) NOT NULL DEFAULT '0',
  `Version` int(11) NOT NULL DEFAULT '0',
  `WasPublished` tinyint(1) unsigned NOT NULL DEFAULT '0',
  `AuthorID` int(11) NOT NULL DEFAULT '0',
  `PublisherID` int(11) NOT NULL DEFAULT '0',
  `ClassName` enum('Page','ErrorPage','SiteTree','HomePage','RedirectorPage','VirtualPage') CHARACTER SET utf8 DEFAULT 'Page',
  `Created` datetime DEFAULT NULL,
  `LastEdited` datetime DEFAULT NULL,
  `URLSegment` varchar(255) CHARACTER SET utf8 DEFAULT NULL,
  `Title` varchar(255) CHARACTER SET utf8 DEFAULT NULL,
  `MenuTitle` varchar(100) CHARACTER SET utf8 DEFAULT NULL,
  `Content` mediumtext CHARACTER SET utf8,
  `MetaDescription` mediumtext CHARACTER SET utf8,
  `ExtraMeta` mediumtext CHARACTER SET utf8,
  `ShowInMenus` tinyint(1) unsigned NOT NULL DEFAULT '0',
  `ShowInSearch` tinyint(1) unsigned NOT NULL DEFAULT '0',
  `Sort` int(11) NOT NULL DEFAULT '0',
  `HasBrokenFile` tinyint(1) unsigned NOT NULL DEFAULT '0',
  `HasBrokenLink` tinyint(1) unsigned NOT NULL DEFAULT '0',
  `ReportClass` varchar(50) CHARACTER SET utf8 DEFAULT NULL,
  `CanViewType` enum('Anyone','LoggedInUsers','OnlyTheseUsers','Inherit') CHARACTER SET utf8 DEFAULT 'Inherit',
  `CanEditType` enum('LoggedInUsers','OnlyTheseUsers','Inherit') CHARACTER SET utf8 DEFAULT 'Inherit',
  `ParentID` int(11) NOT NULL DEFAULT '0',
  PRIMARY KEY (`ID`),
  KEY `RecordID_Version` (`RecordID`,`Version`),
  KEY `RecordID` (`RecordID`),
  KEY `Version` (`Version`),
  KEY `AuthorID` (`AuthorID`),
  KEY `PublisherID` (`PublisherID`),
  KEY `ParentID` (`ParentID`),
  KEY `URLSegment` (`URLSegment`),
  KEY `ClassName` (`ClassName`)
) ENGINE=InnoDB  DEFAULT CHARSET=latin1 AUTO_INCREMENT=7 ;

--
-- Dumping data for table `SiteTree_versions`
--

INSERT INTO `SiteTree_versions` (`ID`, `RecordID`, `Version`, `WasPublished`, `AuthorID`, `PublisherID`, `ClassName`, `Created`, `LastEdited`, `URLSegment`, `Title`, `MenuTitle`, `Content`, `MetaDescription`, `ExtraMeta`, `ShowInMenus`, `ShowInSearch`, `Sort`, `HasBrokenFile`, `HasBrokenLink`, `ReportClass`, `CanViewType`, `CanEditType`, `ParentID`) VALUES
(1, 1, 1, 1, 0, 0, 'Page', '2014-03-20 10:01:02', '2014-03-20 10:01:02', 'home', 'Home', NULL, '<p>Welcome to SilverStripe! This is the default homepage. You can edit this page by opening <a href="admin/">the CMS</a>. You can now access the <a href="http://doc.silverstripe.org">developer documentation</a>, or begin <a href="http://doc.silverstripe.org/doku.php?id=tutorials">the tutorials.</a></p>', NULL, NULL, 1, 1, 1, 0, 0, NULL, 'Inherit', 'Inherit', 0),
(2, 2, 1, 1, 0, 0, 'Page', '2014-03-20 10:01:02', '2014-03-20 10:01:02', 'about-us', 'About Us', NULL, '<p>You can fill this page out with your own content, or delete it and create your own pages.<br /></p>', NULL, NULL, 1, 1, 2, 0, 0, NULL, 'Inherit', 'Inherit', 0),
(3, 3, 1, 1, 0, 0, 'Page', '2014-03-20 10:01:02', '2014-03-20 10:01:02', 'contact-us', 'Contact Us', NULL, '<p>You can fill this page out with your own content, or delete it and create your own pages.<br /></p>', NULL, NULL, 1, 1, 3, 0, 0, NULL, 'Inherit', 'Inherit', 0),
(4, 4, 1, 1, 0, 0, 'ErrorPage', '2014-03-20 10:01:02', '2014-03-20 10:01:02', 'page-not-found', 'Page not found', NULL, '<p>Sorry, it seems you were trying to access a page that doesn''t exist.</p><p>Please check the spelling of the URL you were trying to access and try again.</p>', NULL, NULL, 0, 0, 4, 0, 0, NULL, 'Inherit', 'Inherit', 0),
(5, 5, 1, 1, 0, 0, 'ErrorPage', '2014-03-20 10:01:03', '2014-03-20 10:01:03', 'server-error', 'Server error', NULL, '<p>Sorry, there was a problem with handling your request.</p>', NULL, NULL, 0, 0, 5, 0, 0, NULL, 'Inherit', 'Inherit', 0),
(6, 1, 2, 1, 1, 1, 'HomePage', '2014-03-20 10:01:02', '2014-03-20 10:02:03', 'home', 'Home', NULL, '<p>Welcome to SilverStripe! This is the default homepage. You can edit this page by opening <a href="admin/">the CMS</a>. You can now access the <a href="http://doc.silverstripe.org">developer documentation</a>, or begin <a href="http://doc.silverstripe.org/doku.php?id=tutorials">the tutorials.</a></p>', NULL, NULL, 1, 1, 1, 0, 0, NULL, 'Inherit', 'Inherit', 0);

-- --------------------------------------------------------

--
-- Table structure for table `SiteTree_ViewerGroups`
--

CREATE TABLE IF NOT EXISTS `SiteTree_ViewerGroups` (
  `ID` int(11) NOT NULL AUTO_INCREMENT,
  `SiteTreeID` int(11) NOT NULL DEFAULT '0',
  `GroupID` int(11) NOT NULL DEFAULT '0',
  PRIMARY KEY (`ID`),
  KEY `SiteTreeID` (`SiteTreeID`),
  KEY `GroupID` (`GroupID`)
) ENGINE=InnoDB DEFAULT CHARSET=latin1 AUTO_INCREMENT=1 ;

-- --------------------------------------------------------

--
-- Table structure for table `VirtualPage`
--

CREATE TABLE IF NOT EXISTS `VirtualPage` (
  `ID` int(11) NOT NULL AUTO_INCREMENT,
  `VersionID` int(11) NOT NULL DEFAULT '0',
  `CopyContentFromID` int(11) NOT NULL DEFAULT '0',
  PRIMARY KEY (`ID`),
  KEY `CopyContentFromID` (`CopyContentFromID`)
) ENGINE=InnoDB DEFAULT CHARSET=latin1 AUTO_INCREMENT=1 ;

-- --------------------------------------------------------

--
-- Table structure for table `VirtualPage_Live`
--

CREATE TABLE IF NOT EXISTS `VirtualPage_Live` (
  `ID` int(11) NOT NULL AUTO_INCREMENT,
  `VersionID` int(11) NOT NULL DEFAULT '0',
  `CopyContentFromID` int(11) NOT NULL DEFAULT '0',
  PRIMARY KEY (`ID`),
  KEY `CopyContentFromID` (`CopyContentFromID`)
) ENGINE=InnoDB DEFAULT CHARSET=latin1 AUTO_INCREMENT=1 ;

-- --------------------------------------------------------

--
-- Table structure for table `VirtualPage_versions`
--

CREATE TABLE IF NOT EXISTS `VirtualPage_versions` (
  `ID` int(11) NOT NULL AUTO_INCREMENT,
  `RecordID` int(11) NOT NULL DEFAULT '0',
  `Version` int(11) NOT NULL DEFAULT '0',
  `VersionID` int(11) NOT NULL DEFAULT '0',
  `CopyContentFromID` int(11) NOT NULL DEFAULT '0',
  PRIMARY KEY (`ID`),
  UNIQUE KEY `RecordID_Version` (`RecordID`,`Version`),
  KEY `RecordID` (`RecordID`),
  KEY `Version` (`Version`),
  KEY `CopyContentFromID` (`CopyContentFromID`)
) ENGINE=InnoDB DEFAULT CHARSET=latin1 AUTO_INCREMENT=1 ;

/*!40101 SET CHARACTER_SET_CLIENT=@OLD_CHARACTER_SET_CLIENT */;
/*!40101 SET CHARACTER_SET_RESULTS=@OLD_CHARACTER_SET_RESULTS */;
/*!40101 SET COLLATION_CONNECTION=@OLD_COLLATION_CONNECTION */;
